<?xml version='1.0' encoding='UTF-8'?>
<shortcuts>
	<shortcut>
		<defaultID />
		<label>Neptune</label>
		<label2>Video Add-On</label2>
		<icon>DefaultShortcut.png</icon>
		<thumb>image://C%3a%5cUsers%5cnoname%5cAppData%5cRoaming%5cKodi%5caddons%5cscript.neptune.artwork%5cresources%5cmedia%5cneptune%5cmovies.jpg/</thumb>
		<action>ActivateWindow(Videos,"plugin://plugin.video.neptune/?action=movieNavigator",return)</action>
	</shortcut>
	<shortcut>
		<defaultID />
		<label>Placenta</label>
		<label2>Video Add-On</label2>
		<icon>DefaultShortcut.png</icon>
		<thumb>image://C%3a%5cUsers%5cnoname%5cAppData%5cRoaming%5cKodi%5caddons%5cscript.placenta.artwork%5cresources%5cmedia%5cplacenta%5cmovies.png/</thumb>
		<action>ActivateWindow(Videos,"plugin://plugin.video.placenta/?action=movieNavigator",return)</action>
	</shortcut>
	<shortcut>
		<defaultID />
		<label>Apollo</label>
		<label2>Video Add-On</label2>
		<icon>DefaultShortcut.png</icon>
		<thumb>image://C%3a%5cUsers%5cnoname%5cAppData%5cRoaming%5cKodi%5caddons%5cscript.exodus.artwork%5cresources%5cmedia%5cexodus%5cmovies.png/</thumb>
		<action>ActivateWindow(Videos,"plugin://program.apollo/?action=movieNavigator",return)</action>
	</shortcut>
	<shortcut>
		<defaultID />
		<label>Exodus Reborn</label>
		<label2>Video Add-On</label2>
		<icon>DefaultShortcut.png</icon>
		<thumb>image://C%3a%5cUsers%5cnoname%5cAppData%5cRoaming%5cKodi%5caddons%5cscript.exodus.artwork%5cresources%5cmedia%5cexodus%5cmovies.png/</thumb>
		<action>ActivateWindow(Videos,"plugin://plugin.video.exodus/?action=movieNavigator",return)</action>
	</shortcut>
	<shortcut>
		<defaultID />
		<label>Uranus</label>
		<label2>Video Add-On</label2>
		<icon>DefaultShortcut.png</icon>
		<thumb>image://C%3a%5cUsers%5cnoname%5cAppData%5cRoaming%5cKodi%5caddons%5cscript.uranus.artwork%5cresources%5cmedia%5cDefault%5cmovies.png/</thumb>
		<action>ActivateWindow(Videos,"plugin://plugin.video.uranus/?action=movieNavigator",return)</action>
	</shortcut>
	<shortcut>
		<defaultID>Atom Reborn</defaultID>
		<label>Atom Reborn</label>
		<label2>Video Add-On</label2>
		<icon>DefaultShortcut.png</icon>
		<thumb>image://C%3a%5cUsers%5cnoname%5cAppData%5cRoaming%5cKodi%5caddons%5cplugin.video.ATOMREBORN%5cicon.png/</thumb>
		<action>ActivateWindow(Videos,"plugin://plugin.video.ATOMREBORN",return)</action>
	</shortcut>
	<shortcut>
		<defaultID>Erosnow</defaultID>
		<label>ErosNow</label>
		<label2>Video Add-On</label2>
		<icon>DefaultShortcut.png</icon>
		<thumb>image://C%3a%5cUsers%5cnoname%5cAppData%5cRoaming%5cKodi%5caddons%5cplugin.video.erosnow-rain%5cicon.png/</thumb>
		<action>ActivateWindow(Videos,"plugin://plugin.video.erosnow-rain",return)</action>
	</shortcut>
	<shortcut>
		<defaultID>India4Movie</defaultID>
		<label>India4movie</label>
		<label2>Video Add-On</label2>
		<icon>DefaultShortcut.png</icon>
		<thumb>image://C%3a%5cUsers%5cnoname%5cAppData%5cRoaming%5cKodi%5caddons%5cplugin.video.india4movie%5cicon.png/</thumb>
		<action>ActivateWindow(Videos,"plugin://plugin.video.india4movie",return)</action>
	</shortcut>
</shortcuts>
