<?xml version='1.0' encoding='UTF-8'?>
<shortcuts>
	<shortcut>
		<defaultID />
		<label>TV Guide</label>
		<label2>Video Add-On</label2>
		<icon>DefaultShortcut.png</icon>
		<thumb>image://C%3a%5cUsers%5cnoname%5cAppData%5cRoaming%5cKodi%5caddons%5cscript.exodus.artwork%5cresources%5cmedia%5cexodus%5cchannels.png/</thumb>
		<action>ActivateWindow(Videos,"plugin://program.apollo/?action=apollotvguide",return)</action>
	</shortcut>
	<shortcut>
		<defaultID>plugin.video.ccloudtv</defaultID>
		<label>cCloud TV</label>
		<label2>Program</label2>
		<icon>DefaultShortcut.png</icon>
		<thumb>image://C%3a%5cUsers%5cnoname%5cAppData%5cRoaming%5cKodi%5caddons%5cplugin.video.ccloudtv%5cicon.png/</thumb>
		<action>ActivateWindow(Programs,"plugin://plugin.video.ccloudtv",return)</action>
	</shortcut>
</shortcuts>
