<?xml version='1.0' encoding='UTF-8'?>
<shortcuts>
	<shortcut>
		<defaultID>plugin.video.thomasandfriends</defaultID>
		<label>Thomas and Friends</label>
		<label2>Video Add-On</label2>
		<icon>DefaultShortcut.png</icon>
		<thumb>image://C%3a%5cUsers%5cnoname%5cAppData%5cRoaming%5cKodi%5caddons%5cplugin.video.thomasandfriends%5cicon.png/</thumb>
		<action>ActivateWindow(Videos,"plugin://plugin.video.thomasandfriends",return)</action>
	</shortcut>
	<shortcut>
		<defaultID>plugin.video.binkytv</defaultID>
		<label>Binky TV</label>
		<label2>Video Add-On</label2>
		<icon>DefaultShortcut.png</icon>
		<thumb>image://C%3a%5cUsers%5cnoname%5cAppData%5cRoaming%5cKodi%5caddons%5cplugin.video.binkytv%5cicon.png/</thumb>
		<action>ActivateWindow(Videos,"plugin://plugin.video.binkytv",return)</action>
	</shortcut>
</shortcuts>
