<?xml version='1.0' encoding='UTF-8'?>
<shortcuts>
	<shortcut>
		<defaultID>plugin.video.SportsDevil</defaultID>
		<label>SportsDevil</label>
		<label2>Video Add-On</label2>
		<icon>DefaultShortcut.png</icon>
		<thumb>image://C%3a%5cUsers%5cIsrC%5cAppData%5cRoaming%5cKodi%5caddons%5cplugin.video.SportsDevil%5cicon.png/</thumb>
		<action>ActivateWindow(10025,"plugin://plugin.video.SportsDevil",return)</action>
	</shortcut>
	<shortcut>
		<defaultID>plugin.video.prosport</defaultID>
		<label>Sports Hub</label>
		<label2>Video Add-On</label2>
		<icon>DefaultShortcut.png</icon>
		<thumb>image://C%3a%5cUsers%5cnoname%5cAppData%5cRoaming%5cKodi%5caddons%5cplugin.video.prosport%5cicon.png/</thumb>
		<action>ActivateWindow(Videos,"plugin://plugin.video.prosport",return)</action>
	</shortcut>
</shortcuts>
