<?xml version='1.0' encoding='UTF-8'?>
<shortcuts>
	<shortcut>
		<defaultID>plugin.video.videodevil</defaultID>
		<label>VideoDevil</label>
		<label2>Video Add-On</label2>
		<icon>DefaultShortcut.png</icon>
		<thumb>image://%2fmnt%2finternal_sd%2fAndroid%2fdata%2forg.xbmc.kodi%2ffiles%2f.kodi%2faddons%2fplugin.video.videodevil%2ficon.png/</thumb>
		<action>ActivateWindow(10025,"plugin://plugin.video.videodevil",return)</action>
	</shortcut>
	<shortcut>
		<defaultID>plugin.video.empflix</defaultID>
		<label>Empflix</label>
		<label2>Video Add-On</label2>
		<icon>DefaultShortcut.png</icon>
		<thumb>image://C%3a%5cUsers%5cIsrC%5cAppData%5cRoaming%5cKodi%5caddons%5cplugin.video.empflix%5cicon.png/</thumb>
		<action>ActivateWindow(10025,"plugin://plugin.video.empflix",return)</action>
	</shortcut>
	<shortcut>
		<defaultID>plugin.video.adulthideout</defaultID>
		<label>AdultHideout</label>
		<label2>Video Add-On</label2>
		<icon>DefaultShortcut.png</icon>
		<thumb>image://C%3a%5cUsers%5cnoname%5cAppData%5cRoaming%5cKodi%5caddons%5cplugin.video.adulthideout%5cicon.png/</thumb>
		<action>ActivateWindow(Videos,"plugin://plugin.video.adulthideout",return)</action>
	</shortcut>
	<shortcut>
		<defaultID>plugin.video.uwc</defaultID>
		<label>Ultimate Whitecream</label>
		<label2>Video Add-On</label2>
		<icon>DefaultShortcut.png</icon>
		<thumb>image://C%3a%5cUsers%5cnoname%5cAppData%5cRoaming%5cKodi%5caddons%5cplugin.video.uwc%5cicon.png/</thumb>
		<action>ActivateWindow(Videos,"plugin://plugin.video.uwc",return)</action>
	</shortcut>
</shortcuts>
