<?xml version='1.0' encoding='UTF-8'?>
<shortcuts>
	<shortcut>
		<defaultID>settings</defaultID>
		<label>Settings</label>
		<label2>Common Shortcut</label2>
		<icon>DefaultShortcut.png</icon>
		<thumb />
		<action>ActivateWindow(Settings)</action>
	</shortcut>
	<shortcut>
		<defaultID>20077</defaultID>
		<label>Skin settings</label>
		<label2>Custom shortcut</label2>
		<icon>DefaultShortcut.png</icon>
		<thumb />
		<action>ActivateWindow(SkinSettings)</action>
	</shortcut>
	<shortcut>
		<defaultID>7</defaultID>
		<label>File manager</label>
		<label2>Custom shortcut</label2>
		<icon>DefaultShortcut.png</icon>
		<thumb />
		<action>ActivateWindow(FileManager)</action>
	</shortcut>
	<shortcut>
		<defaultID>130</defaultID>
		<label>System info</label>
		<label2>Custom shortcut</label2>
		<icon>DefaultShortcut.png</icon>
		<thumb />
		<action>ActivateWindow(SystemInfo)</action>
	</shortcut>
	<shortcut>
		<defaultID>20126</defaultID>
		<label>[COLOR red]Log off[/COLOR]</label>
		<label2>Custom shortcut</label2>
		<icon>DefaultShortcut.png</icon>
		<thumb />
		<action>System.LogOff</action>
	</shortcut>
	<shortcut>
		<defaultID>13009</defaultID>
		<label>[COLOR red]Quit[/COLOR]</label>
		<label2>Custom shortcut</label2>
		<icon>DefaultShortcut.png</icon>
		<thumb />
		<action>Quit</action>
	</shortcut>
</shortcuts>
