<?xml version='1.0' encoding='UTF-8'?>
<shortcuts>
	<shortcut>
		<defaultID />
		<label>Tune In Radio</label>
		<label2>Music Add-On</label2>
		<icon>DefaultShortcut.png</icon>
		<thumb>image://C%3a%5cUsers%5cIsrC%5cAppData%5cRoaming%5cKodi%5caddons%5cplugin.audio.tuneinradio%2fresources%2fimages%2fwhite%2fbrowse-256.png/</thumb>
		<action>ActivateWindow(10502,"plugin://plugin.audio.tuneinradio/?path=browse",return)</action>
	</shortcut>
	<shortcut>
		<defaultID>plugin.video.vevo</defaultID>
		<label>Vevo</label>
		<label2>Music Add-On</label2>
		<icon>DefaultShortcut.png</icon>
		<thumb></thumb>
		<action>ActivateWindow(10502,"plugin://plugin.video.vevo",return)</action>
	</shortcut>
	<shortcut>
		<defaultID>plugin.video.80smusicvideos</defaultID>
		<label>80s Music Videos</label>
		<label2>Video Add-On</label2>
		<icon>DefaultShortcut.png</icon>
		<thumb>image://C%3a%5cUsers%5cnoname%5cAppData%5cRoaming%5cKodi%5caddons%5cplugin.video.80smusicvideos%5cicon.png/</thumb>
		<action>ActivateWindow(Videos,"plugin://plugin.video.80smusicvideos",return)</action>
	</shortcut>
	<shortcut>
		<defaultID>plugin.video.kmusictube</defaultID>
		<label>KMusic Tube</label>
		<label2>Video Add-On</label2>
		<icon>DefaultShortcut.png</icon>
		<thumb>image://C%3a%5cUsers%5cnoname%5cAppData%5cRoaming%5cKodi%5caddons%5cplugin.video.kmusictube%5cicon.png/</thumb>
		<action>ActivateWindow(Videos,"plugin://plugin.video.kmusictube",return)</action>
	</shortcut>
</shortcuts>
