<?xml version="1.0" encoding="UTF-8" standalone="yes"?>
<addon id="repository.superinstaller.org" name="[COLOR red]Super[/COLOR] [COLOR FF0000ff]Installer[/COLOR] Repo" version="1.0.1" provider-name="SuperInstaller">
	<extension point="xbmc.addon.repository" name="Super Installer Repository">
		<dir>
			<info>http://repo.superinstaller.org/addons.xml.gz</info>
			<checksum>http://repo.superinstaller.org/addons.xml.gz.md5</checksum>
			<datadir zip="true">http://repo.superinstaller.org/</datadir>
		</dir>
	</extension>
    <extension point="xbmc.addon.metadata">
        <platform>all</platform>
        <summary lang="en_US">Super Installer Repository</summary>
        <description lang="en_US">ALL ADDONS YOU REALLY NEED!</description>
		<disclaimer>The owners and submitters to this repository do not host or distribute any of the content displayed by these addons nor do they have any affiliation with the content providers.</disclaimer>
		<license>GNU GENERAL PUBLIC LICENSE. Version 3, June 2007</license>
	</extension>
</addon>