﻿<?xml version="1.0" encoding="UTF-8" standalone="yes"?>
<addon id="service.skinshortcuts.update" name="Skin Shortcuts Updates" version="1.0.9" provider-name="BigNoid,marcelveldt">
    <requires> 
        <import addon="xbmc.python" version="2.1.0"/>
		<import addon="script.module.requests" version="2.4.3"/>
    </requires>
	<extension point="xbmc.service" library="service.py" start="startup" />
    <extension point="xbmc.addon.metadata">
        <platform>all</platform>
        <disclaimer></disclaimer>
    </extension>
 </addon>
